TRANSACTIONS,dbo,sysdiagrams,name,1,NULL,NO,nvarchar,128,256,NULL,NULL,NULL,NULL,NULL,NULL,UNICODE,NULL,NULL,SQL_Latin1_General_CP1_CI_AS,NULL,NULL,NULL
TRANSACTIONS,dbo,sysdiagrams,principal_id,2,NULL,NO,int,NULL,NULL,10,10,0,NULL,NULL,NULL,NULL,NULL,NULL,NULL,NULL,NULL,NULL
TRANSACTIONS,dbo,sysdiagrams,diagram_id,3,NULL,NO,int,NULL,NULL,10,10,0,NULL,NULL,NULL,NULL,NULL,NULL,NULL,NULL,NULL,NULL
TRANSACTIONS,dbo,sysdiagrams,version,4,NULL,YES,int,NULL,NULL,10,10,0,NULL,NULL,NULL,NULL,NULL,NULL,NULL,NULL,NULL,NULL
TRANSACTIONS,dbo,sysdiagrams,definition,5,NULL,YES,varbinary,-1,-1,NULL,NULL,NULL,NULL,NULL,NULL,NULL,NULL,NULL,NULL,NULL,NULL,NULL
TRANSACTIONS,dbo,Transactions,TransactionID,1,NULL,NO,int,NULL,NULL,10,10,0,NULL,NULL,NULL,NULL,NULL,NULL,NULL,NULL,NULL,NULL
TRANSACTIONS,dbo,Transactions,OrderNumber,2,NULL,NO,int,NULL,NULL,10,10,0,NULL,NULL,NULL,NULL,NULL,NULL,NULL,NULL,NULL,NULL
TRANSACTIONS,dbo,Transactions,LineItem,3,NULL,NO,tinyint,NULL,NULL,3,10,0,NULL,NULL,NULL,NULL,NULL,NULL,NULL,NULL,NULL,NULL
TRANSACTIONS,dbo,Transactions,OrderDate,4,NULL,NO,date,NULL,NULL,NULL,NULL,NULL,0,NULL,NULL,NULL,NULL,NULL,NULL,NULL,NULL,NULL
TRANSACTIONS,dbo,Transactions,DeliveryDate,5,NULL,YES,date,NULL,NULL,NULL,NULL,NULL,0,NULL,NULL,NULL,NULL,NULL,NULL,NULL,NULL,NULL
TRANSACTIONS,dbo,Transactions,Quantity,6,NULL,NO,tinyint,NULL,NULL,3,10,0,NULL,NULL,NULL,NULL,NULL,NULL,NULL,NULL,NULL,NULL
TRANSACTIONS,dbo,Transactions,CustomerID,7,NULL,NO,int,NULL,NULL,10,10,0,NULL,NULL,NULL,NULL,NULL,NULL,NULL,NULL,NULL,NULL
TRANSACTIONS,dbo,Transactions,CustomerGender,8,NULL,NO,nvarchar,50,100,NULL,NULL,NULL,NULL,NULL,NULL,UNICODE,NULL,NULL,SQL_Latin1_General_CP1_CI_AS,NULL,NULL,NULL
TRANSACTIONS,dbo,Transactions,CustomerName,9,NULL,NO,nvarchar,50,100,NULL,NULL,NULL,NULL,NULL,NULL,UNICODE,NULL,NULL,SQL_Latin1_General_CP1_CI_AS,NULL,NULL,NULL
TRANSACTIONS,dbo,Transactions,CustomerCity,10,NULL,NO,nvarchar,50,100,NULL,NULL,NULL,NULL,NULL,NULL,UNICODE,NULL,NULL,SQL_Latin1_General_CP1_CI_AS,NULL,NULL,NULL
TRANSACTIONS,dbo,Transactions,CustomerStateCode,11,NULL,NO,nvarchar,50,100,NULL,NULL,NULL,NULL,NULL,NULL,UNICODE,NULL,NULL,SQL_Latin1_General_CP1_CI_AS,NULL,NULL,NULL
TRANSACTIONS,dbo,Transactions,CustomerState,12,NULL,NO,nvarchar,50,100,NULL,NULL,NULL,NULL,NULL,NULL,UNICODE,NULL,NULL,SQL_Latin1_General_CP1_CI_AS,NULL,NULL,NULL
TRANSACTIONS,dbo,Transactions,CustomerZip,13,NULL,NO,nvarchar,50,100,NULL,NULL,NULL,NULL,NULL,NULL,UNICODE,NULL,NULL,SQL_Latin1_General_CP1_CI_AS,NULL,NULL,NULL
TRANSACTIONS,dbo,Transactions,CustomerCountry,14,NULL,NO,nvarchar,50,100,NULL,NULL,NULL,NULL,NULL,NULL,UNICODE,NULL,NULL,SQL_Latin1_General_CP1_CI_AS,NULL,NULL,NULL
TRANSACTIONS,dbo,Transactions,CustomerContinent,15,NULL,NO,nvarchar,50,100,NULL,NULL,NULL,NULL,NULL,NULL,UNICODE,NULL,NULL,SQL_Latin1_General_CP1_CI_AS,NULL,NULL,NULL
TRANSACTIONS,dbo,Transactions,CustomerDOB,16,NULL,NO,date,NULL,NULL,NULL,NULL,NULL,0,NULL,NULL,NULL,NULL,NULL,NULL,NULL,NULL,NULL
TRANSACTIONS,dbo,Transactions,StoreID,17,NULL,NO,tinyint,NULL,NULL,3,10,0,NULL,NULL,NULL,NULL,NULL,NULL,NULL,NULL,NULL,NULL
TRANSACTIONS,dbo,Transactions,StoreCountry,18,NULL,NO,nvarchar,50,100,NULL,NULL,NULL,NULL,NULL,NULL,UNICODE,NULL,NULL,SQL_Latin1_General_CP1_CI_AS,NULL,NULL,NULL
TRANSACTIONS,dbo,Transactions,StoreState,19,NULL,NO,nvarchar,50,100,NULL,NULL,NULL,NULL,NULL,NULL,UNICODE,NULL,NULL,SQL_Latin1_General_CP1_CI_AS,NULL,NULL,NULL
TRANSACTIONS,dbo,Transactions,StoreSqMeters,20,NULL,NO,smallint,NULL,NULL,5,10,0,NULL,NULL,NULL,NULL,NULL,NULL,NULL,NULL,NULL,NULL
TRANSACTIONS,dbo,Transactions,StoreOpenDate,21,NULL,NO,date,NULL,NULL,NULL,NULL,NULL,0,NULL,NULL,NULL,NULL,NULL,NULL,NULL,NULL,NULL
TRANSACTIONS,dbo,Transactions,ProductID,22,NULL,NO,smallint,NULL,NULL,5,10,0,NULL,NULL,NULL,NULL,NULL,NULL,NULL,NULL,NULL,NULL
TRANSACTIONS,dbo,Transactions,ProductName,23,NULL,NO,nvarchar,100,200,NULL,NULL,NULL,NULL,NULL,NULL,UNICODE,NULL,NULL,SQL_Latin1_General_CP1_CI_AS,NULL,NULL,NULL
TRANSACTIONS,dbo,Transactions,ProductBrand,24,NULL,NO,nvarchar,50,100,NULL,NULL,NULL,NULL,NULL,NULL,UNICODE,NULL,NULL,SQL_Latin1_General_CP1_CI_AS,NULL,NULL,NULL
TRANSACTIONS,dbo,Transactions,ProductColor,25,NULL,NO,nvarchar,50,100,NULL,NULL,NULL,NULL,NULL,NULL,UNICODE,NULL,NULL,SQL_Latin1_General_CP1_CI_AS,NULL,NULL,NULL
TRANSACTIONS,dbo,Transactions,ProductCost,26,NULL,NO,money,NULL,NULL,19,10,4,NULL,NULL,NULL,NULL,NULL,NULL,NULL,NULL,NULL,NULL
TRANSACTIONS,dbo,Transactions,ProductPrice,27,NULL,NO,money,NULL,NULL,19,10,4,NULL,NULL,NULL,NULL,NULL,NULL,NULL,NULL,NULL,NULL
TRANSACTIONS,dbo,Transactions,ProductSubcategoryID,28,NULL,NO,time,NULL,NULL,NULL,NULL,NULL,7,NULL,NULL,NULL,NULL,NULL,NULL,NULL,NULL,NULL
TRANSACTIONS,dbo,Transactions,ProductSubcategory,29,NULL,NO,nvarchar,50,100,NULL,NULL,NULL,NULL,NULL,NULL,UNICODE,NULL,NULL,SQL_Latin1_General_CP1_CI_AS,NULL,NULL,NULL
TRANSACTIONS,dbo,Transactions,ProductCategoryID,30,NULL,NO,tinyint,NULL,NULL,3,10,0,NULL,NULL,NULL,NULL,NULL,NULL,NULL,NULL,NULL,NULL
TRANSACTIONS,dbo,Transactions,ProductCategory,31,NULL,NO,nvarchar,50,100,NULL,NULL,NULL,NULL,NULL,NULL,UNICODE,NULL,NULL,SQL_Latin1_General_CP1_CI_AS,NULL,NULL,NULL
TRANSACTIONS,dbo,Stores,StoreID,1,NULL,NO,tinyint,NULL,NULL,3,10,0,NULL,NULL,NULL,NULL,NULL,NULL,NULL,NULL,NULL,NULL
TRANSACTIONS,dbo,Stores,StoreCountry,2,NULL,NO,nvarchar,50,100,NULL,NULL,NULL,NULL,NULL,NULL,UNICODE,NULL,NULL,SQL_Latin1_General_CP1_CI_AS,NULL,NULL,NULL
TRANSACTIONS,dbo,Stores,StoreState,3,NULL,NO,nvarchar,50,100,NULL,NULL,NULL,NULL,NULL,NULL,UNICODE,NULL,NULL,SQL_Latin1_General_CP1_CI_AS,NULL,NULL,NULL
TRANSACTIONS,dbo,Stores,StoreSqMeters,4,NULL,NO,smallint,NULL,NULL,5,10,0,NULL,NULL,NULL,NULL,NULL,NULL,NULL,NULL,NULL,NULL
TRANSACTIONS,dbo,Stores,StoreOpenDate,5,NULL,NO,date,NULL,NULL,NULL,NULL,NULL,0,NULL,NULL,NULL,NULL,NULL,NULL,NULL,NULL,NULL
TRANSACTIONS,dbo,Customers,CustomerID,1,NULL,NO,int,NULL,NULL,10,10,0,NULL,NULL,NULL,NULL,NULL,NULL,NULL,NULL,NULL,NULL
TRANSACTIONS,dbo,Customers,CustomerGender,2,NULL,NO,nvarchar,50,100,NULL,NULL,NULL,NULL,NULL,NULL,UNICODE,NULL,NULL,SQL_Latin1_General_CP1_CI_AS,NULL,NULL,NULL
TRANSACTIONS,dbo,Customers,CustomerName,3,NULL,NO,nvarchar,50,100,NULL,NULL,NULL,NULL,NULL,NULL,UNICODE,NULL,NULL,SQL_Latin1_General_CP1_CI_AS,NULL,NULL,NULL
TRANSACTIONS,dbo,Customers,CustomerCity,4,NULL,NO,nvarchar,50,100,NULL,NULL,NULL,NULL,NULL,NULL,UNICODE,NULL,NULL,SQL_Latin1_General_CP1_CI_AS,NULL,NULL,NULL
TRANSACTIONS,dbo,Customers,CustomerStateCode,5,NULL,NO,nvarchar,50,100,NULL,NULL,NULL,NULL,NULL,NULL,UNICODE,NULL,NULL,SQL_Latin1_General_CP1_CI_AS,NULL,NULL,NULL
TRANSACTIONS,dbo,Customers,CustomerState,6,NULL,NO,nvarchar,50,100,NULL,NULL,NULL,NULL,NULL,NULL,UNICODE,NULL,NULL,SQL_Latin1_General_CP1_CI_AS,NULL,NULL,NULL
TRANSACTIONS,dbo,Customers,CustomerZip,7,NULL,NO,nvarchar,50,100,NULL,NULL,NULL,NULL,NULL,NULL,UNICODE,NULL,NULL,SQL_Latin1_General_CP1_CI_AS,NULL,NULL,NULL
TRANSACTIONS,dbo,Customers,CustomerCountry,8,NULL,NO,nvarchar,50,100,NULL,NULL,NULL,NULL,NULL,NULL,UNICODE,NULL,NULL,SQL_Latin1_General_CP1_CI_AS,NULL,NULL,NULL
TRANSACTIONS,dbo,Customers,CustomerContinent,9,NULL,NO,nvarchar,50,100,NULL,NULL,NULL,NULL,NULL,NULL,UNICODE,NULL,NULL,SQL_Latin1_General_CP1_CI_AS,NULL,NULL,NULL
TRANSACTIONS,dbo,Customers,CustomerDOB,10,NULL,NO,date,NULL,NULL,NULL,NULL,NULL,0,NULL,NULL,NULL,NULL,NULL,NULL,NULL,NULL,NULL
TRANSACTIONS,dbo,Products,ProductID,1,NULL,NO,smallint,NULL,NULL,5,10,0,NULL,NULL,NULL,NULL,NULL,NULL,NULL,NULL,NULL,NULL
TRANSACTIONS,dbo,Products,ProductName,2,NULL,NO,nvarchar,100,200,NULL,NULL,NULL,NULL,NULL,NULL,UNICODE,NULL,NULL,SQL_Latin1_General_CP1_CI_AS,NULL,NULL,NULL
TRANSACTIONS,dbo,Products,ProductBrand,3,NULL,NO,nvarchar,50,100,NULL,NULL,NULL,NULL,NULL,NULL,UNICODE,NULL,NULL,SQL_Latin1_General_CP1_CI_AS,NULL,NULL,NULL
TRANSACTIONS,dbo,Products,ProductColor,4,NULL,NO,nvarchar,50,100,NULL,NULL,NULL,NULL,NULL,NULL,UNICODE,NULL,NULL,SQL_Latin1_General_CP1_CI_AS,NULL,NULL,NULL
TRANSACTIONS,dbo,Products,ProductCost,5,NULL,NO,money,NULL,NULL,19,10,4,NULL,NULL,NULL,NULL,NULL,NULL,NULL,NULL,NULL,NULL
TRANSACTIONS,dbo,Products,ProductPrice,6,NULL,NO,money,NULL,NULL,19,10,4,NULL,NULL,NULL,NULL,NULL,NULL,NULL,NULL,NULL,NULL
TRANSACTIONS,dbo,Products,ProductSubcategoryID,7,NULL,YES,varchar,8000,8000,NULL,NULL,NULL,NULL,NULL,NULL,iso_1,NULL,NULL,SQL_Latin1_General_CP1_CI_AS,NULL,NULL,NULL
TRANSACTIONS,dbo,product_subcatagory,ProductSubcategoryID,1,NULL,YES,varchar,8000,8000,NULL,NULL,NULL,NULL,NULL,NULL,iso_1,NULL,NULL,SQL_Latin1_General_CP1_CI_AS,NULL,NULL,NULL
TRANSACTIONS,dbo,product_subcatagory,ProductSubcategory,2,NULL,NO,nvarchar,50,100,NULL,NULL,NULL,NULL,NULL,NULL,UNICODE,NULL,NULL,SQL_Latin1_General_CP1_CI_AS,NULL,NULL,NULL
TRANSACTIONS,dbo,product_subcatagory,ProductCategoryID,3,NULL,NO,tinyint,NULL,NULL,3,10,0,NULL,NULL,NULL,NULL,NULL,NULL,NULL,NULL,NULL,NULL
TRANSACTIONS,dbo,Product_Category,ProductCategoryID,1,NULL,NO,tinyint,NULL,NULL,3,10,0,NULL,NULL,NULL,NULL,NULL,NULL,NULL,NULL,NULL,NULL
TRANSACTIONS,dbo,Product_Category,ProductCategory,2,NULL,NO,nvarchar,50,100,NULL,NULL,NULL,NULL,NULL,NULL,UNICODE,NULL,NULL,SQL_Latin1_General_CP1_CI_AS,NULL,NULL,NULL
TRANSACTIONS,dbo,Store_Product_Relation,StoreID,1,NULL,NO,tinyint,NULL,NULL,3,10,0,NULL,NULL,NULL,NULL,NULL,NULL,NULL,NULL,NULL,NULL
TRANSACTIONS,dbo,Store_Product_Relation,ProductID,2,NULL,NO,smallint,NULL,NULL,5,10,0,NULL,NULL,NULL,NULL,NULL,NULL,NULL,NULL,NULL,NULL
TRANSACTIONS,dbo,Order_Line_Items,TransactionID,1,NULL,NO,int,NULL,NULL,10,10,0,NULL,NULL,NULL,NULL,NULL,NULL,NULL,NULL,NULL,NULL
TRANSACTIONS,dbo,Order_Line_Items,OrderNumber,2,NULL,NO,int,NULL,NULL,10,10,0,NULL,NULL,NULL,NULL,NULL,NULL,NULL,NULL,NULL,NULL
TRANSACTIONS,dbo,Order_Line_Items,LineItem,3,NULL,NO,tinyint,NULL,NULL,3,10,0,NULL,NULL,NULL,NULL,NULL,NULL,NULL,NULL,NULL,NULL
TRANSACTIONS,dbo,Order_Line_Items,Quantity,4,NULL,NO,tinyint,NULL,NULL,3,10,0,NULL,NULL,NULL,NULL,NULL,NULL,NULL,NULL,NULL,NULL
TRANSACTIONS,dbo,Order_Line_Items,ProductID,5,NULL,NO,smallint,NULL,NULL,5,10,0,NULL,NULL,NULL,NULL,NULL,NULL,NULL,NULL,NULL,NULL
TRANSACTIONS,dbo,Orders,OrderNumber,1,NULL,NO,int,NULL,NULL,10,10,0,NULL,NULL,NULL,NULL,NULL,NULL,NULL,NULL,NULL,NULL
TRANSACTIONS,dbo,Orders,OrderDate,2,NULL,NO,date,NULL,NULL,NULL,NULL,NULL,0,NULL,NULL,NULL,NULL,NULL,NULL,NULL,NULL,NULL
TRANSACTIONS,dbo,Orders,DeliveryDate,3,NULL,YES,date,NULL,NULL,NULL,NULL,NULL,0,NULL,NULL,NULL,NULL,NULL,NULL,NULL,NULL,NULL
TRANSACTIONS,dbo,Orders,Delivary_Status,4,NULL,NO,varchar,13,13,NULL,NULL,NULL,NULL,NULL,NULL,iso_1,NULL,NULL,SQL_Latin1_General_CP1_CI_AS,NULL,NULL,NULL
TRANSACTIONS,dbo,Orders,CustomerID,5,NULL,NO,int,NULL,NULL,10,10,0,NULL,NULL,NULL,NULL,NULL,NULL,NULL,NULL,NULL,NULL
TRANSACTIONS,dbo,Orders,StoreID,6,NULL,NO,tinyint,NULL,NULL,3,10,0,NULL,NULL,NULL,NULL,NULL,NULL,NULL,NULL,NULL,NULL
